{
    "0": {
        "precision": 0.8349514563106796,
        "recall": 0.6991869918699187,
        "f1-score": 0.7610619469026548,
        "support": 123.0
    },
    "1": {
        "precision": 0.9601449275362319,
        "recall": 0.9814814814814815,
        "f1-score": 0.9706959706959707,
        "support": 270.0
    },
    "2": {
        "precision": 0.6613418530351438,
        "recall": 0.5433070866141733,
        "f1-score": 0.5965417867435159,
        "support": 381.0
    },
    "3": {
        "precision": 0.875,
        "recall": 0.11290322580645161,
        "f1-score": 0.2,
        "support": 62.0
    },
    "4": {
        "precision": 1.0,
        "recall": 1.0,
        "f1-score": 1.0,
        "support": 7.0
    },
    "5": {
        "precision": 0.9354838709677419,
        "recall": 0.8529411764705882,
        "f1-score": 0.8923076923076924,
        "support": 34.0
    },
    "6": {
        "precision": 0.6527777777777778,
        "recall": 0.30718954248366015,
        "f1-score": 0.4177777777777778,
        "support": 153.0
    },
    "7": {
        "precision": 1.0,
        "recall": 0.8260869565217391,
        "f1-score": 0.9047619047619048,
        "support": 23.0
    },
    "8": {
        "precision": 0.8390804597701149,
        "recall": 0.9329073482428115,
        "f1-score": 0.8835098335854765,
        "support": 313.0
    },
    "9": {
        "precision": 0.9230769230769231,
        "recall": 0.35294117647058826,
        "f1-score": 0.5106382978723404,
        "support": 68.0
    },
    "10": {
        "precision": 0.9916666666666667,
        "recall": 0.9916666666666667,
        "f1-score": 0.9916666666666667,
        "support": 120.0
    },
    "11": {
        "precision": 0.6686046511627907,
        "recall": 0.888030888030888,
        "f1-score": 0.7628524046434494,
        "support": 777.0
    },
    "12": {
        "precision": 0.9577464788732394,
        "recall": 0.8831168831168831,
        "f1-score": 0.918918918918919,
        "support": 77.0
    },
    "13": {
        "precision": 0.8484848484848485,
        "recall": 0.5490196078431373,
        "f1-score": 0.6666666666666666,
        "support": 51.0
    },
    "accuracy": 0.7677917852785685,
    "macro avg": {
        "precision": 0.8677399938330115,
        "recall": 0.7086270736870706,
        "f1-score": 0.7483857048245025,
        "support": 2459.0
    },
    "weighted avg": {
        "precision": 0.7770505457328268,
        "recall": 0.7677917852785685,
        "f1-score": 0.7503879605475777,
        "support": 2459.0
    }
}