{
    "0": {
        "precision": 0.983739837398374,
        "recall": 0.983739837398374,
        "f1-score": 0.983739837398374,
        "support": 123.0
    },
    "1": {
        "precision": 1.0,
        "recall": 1.0,
        "f1-score": 1.0,
        "support": 270.0
    },
    "2": {
        "precision": 0.9869791666666666,
        "recall": 0.994750656167979,
        "f1-score": 0.9908496732026144,
        "support": 381.0
    },
    "3": {
        "precision": 0.98,
        "recall": 0.7903225806451613,
        "f1-score": 0.875,
        "support": 62.0
    },
    "4": {
        "precision": 1.0,
        "recall": 1.0,
        "f1-score": 1.0,
        "support": 7.0
    },
    "5": {
        "precision": 1.0,
        "recall": 0.9705882352941176,
        "f1-score": 0.9850746268656716,
        "support": 34.0
    },
    "6": {
        "precision": 0.9856115107913669,
        "recall": 0.8954248366013072,
        "f1-score": 0.9383561643835616,
        "support": 153.0
    },
    "7": {
        "precision": 1.0,
        "recall": 0.9565217391304348,
        "f1-score": 0.9777777777777777,
        "support": 23.0
    },
    "8": {
        "precision": 0.9968152866242038,
        "recall": 1.0,
        "f1-score": 0.9984051036682615,
        "support": 313.0
    },
    "9": {
        "precision": 0.984375,
        "recall": 0.9264705882352942,
        "f1-score": 0.9545454545454546,
        "support": 68.0
    },
    "10": {
        "precision": 1.0,
        "recall": 1.0,
        "f1-score": 1.0,
        "support": 120.0
    },
    "11": {
        "precision": 0.9592592592592593,
        "recall": 1.0,
        "f1-score": 0.9792060491493384,
        "support": 777.0
    },
    "12": {
        "precision": 1.0,
        "recall": 1.0,
        "f1-score": 1.0,
        "support": 77.0
    },
    "13": {
        "precision": 0.9782608695652174,
        "recall": 0.8823529411764706,
        "f1-score": 0.9278350515463918,
        "support": 51.0
    },
    "accuracy": 0.9812932086213908,
    "macro avg": {
        "precision": 0.9896457807360777,
        "recall": 0.957155101046367,
        "f1-score": 0.9721992670383891,
        "support": 2459.0
    },
    "weighted avg": {
        "precision": 0.9816079939636948,
        "recall": 0.9812932086213908,
        "f1-score": 0.9808402688159258,
        "support": 2459.0
    }
}