{
    "0": {
        "precision": 1.0,
        "recall": 1.0,
        "f1-score": 1.0,
        "support": 123.0
    },
    "1": {
        "precision": 1.0,
        "recall": 1.0,
        "f1-score": 1.0,
        "support": 270.0
    },
    "2": {
        "precision": 0.969187675070028,
        "recall": 0.9081364829396326,
        "f1-score": 0.9376693766937669,
        "support": 381.0
    },
    "3": {
        "precision": 1.0,
        "recall": 0.9516129032258065,
        "f1-score": 0.9752066115702479,
        "support": 62.0
    },
    "4": {
        "precision": 1.0,
        "recall": 1.0,
        "f1-score": 1.0,
        "support": 7.0
    },
    "5": {
        "precision": 1.0,
        "recall": 1.0,
        "f1-score": 1.0,
        "support": 34.0
    },
    "6": {
        "precision": 0.9930555555555556,
        "recall": 0.934640522875817,
        "f1-score": 0.9629629629629629,
        "support": 153.0
    },
    "7": {
        "precision": 1.0,
        "recall": 1.0,
        "f1-score": 1.0,
        "support": 23.0
    },
    "8": {
        "precision": 0.9968152866242038,
        "recall": 1.0,
        "f1-score": 0.9984051036682615,
        "support": 313.0
    },
    "9": {
        "precision": 1.0,
        "recall": 0.9558823529411765,
        "f1-score": 0.9774436090225563,
        "support": 68.0
    },
    "10": {
        "precision": 1.0,
        "recall": 1.0,
        "f1-score": 1.0,
        "support": 120.0
    },
    "11": {
        "precision": 0.9424019607843137,
        "recall": 0.9897039897039897,
        "f1-score": 0.965473948524796,
        "support": 777.0
    },
    "12": {
        "precision": 1.0,
        "recall": 1.0,
        "f1-score": 1.0,
        "support": 77.0
    },
    "13": {
        "precision": 1.0,
        "recall": 0.9803921568627451,
        "f1-score": 0.9900990099009901,
        "support": 51.0
    },
    "accuracy": 0.9755998373322489,
    "macro avg": {
        "precision": 0.9929614627167214,
        "recall": 0.9800263148963692,
        "f1-score": 0.98623290159597,
        "support": 2459.0
    },
    "weighted avg": {
        "precision": 0.9761884963173925,
        "recall": 0.9755998373322489,
        "f1-score": 0.9754711045715455,
        "support": 2459.0
    }
}