{
    "0": {
        "precision": 0.9310344827586207,
        "recall": 0.8780487804878049,
        "f1-score": 0.9037656903765691,
        "support": 123.0
    },
    "1": {
        "precision": 0.9854014598540146,
        "recall": 1.0,
        "f1-score": 0.9926470588235294,
        "support": 270.0
    },
    "2": {
        "precision": 0.8351351351351352,
        "recall": 0.8110236220472441,
        "f1-score": 0.8229027962716379,
        "support": 381.0
    },
    "3": {
        "precision": 1.0,
        "recall": 0.3548387096774194,
        "f1-score": 0.5238095238095238,
        "support": 62.0
    },
    "4": {
        "precision": 1.0,
        "recall": 0.5714285714285714,
        "f1-score": 0.7272727272727273,
        "support": 7.0
    },
    "5": {
        "precision": 0.9090909090909091,
        "recall": 0.5882352941176471,
        "f1-score": 0.7142857142857143,
        "support": 34.0
    },
    "6": {
        "precision": 0.8695652173913043,
        "recall": 0.5228758169934641,
        "f1-score": 0.6530612244897959,
        "support": 153.0
    },
    "7": {
        "precision": 1.0,
        "recall": 0.6956521739130435,
        "f1-score": 0.8205128205128205,
        "support": 23.0
    },
    "8": {
        "precision": 0.9272727272727272,
        "recall": 0.9776357827476039,
        "f1-score": 0.9517884914463453,
        "support": 313.0
    },
    "9": {
        "precision": 0.9629629629629629,
        "recall": 0.38235294117647056,
        "f1-score": 0.5473684210526316,
        "support": 68.0
    },
    "10": {
        "precision": 0.9917355371900827,
        "recall": 1.0,
        "f1-score": 0.995850622406639,
        "support": 120.0
    },
    "11": {
        "precision": 0.7883211678832117,
        "recall": 0.972972972972973,
        "f1-score": 0.8709677419354839,
        "support": 777.0
    },
    "12": {
        "precision": 1.0,
        "recall": 1.0,
        "f1-score": 1.0,
        "support": 77.0
    },
    "13": {
        "precision": 0.8620689655172413,
        "recall": 0.49019607843137253,
        "f1-score": 0.625,
        "support": 51.0
    },
    "accuracy": 0.8698657991053274,
    "macro avg": {
        "precision": 0.933042040361158,
        "recall": 0.7318043388566868,
        "f1-score": 0.7963737737631014,
        "support": 2459.0
    },
    "weighted avg": {
        "precision": 0.8795981559429163,
        "recall": 0.8698657991053274,
        "f1-score": 0.8595350499701768,
        "support": 2459.0
    }
}