{
    "0": {
        "precision": 0.8144329896907216,
        "recall": 0.6422764227642277,
        "f1-score": 0.7181818181818181,
        "support": 123.0
    },
    "1": {
        "precision": 0.9283154121863799,
        "recall": 0.9592592592592593,
        "f1-score": 0.9435336976320583,
        "support": 270.0
    },
    "2": {
        "precision": 0.6298701298701299,
        "recall": 0.5091863517060368,
        "f1-score": 0.5631349782293179,
        "support": 381.0
    },
    "3": {
        "precision": 0.75,
        "recall": 0.04838709677419355,
        "f1-score": 0.09090909090909091,
        "support": 62.0
    },
    "4": {
        "precision": 1.0,
        "recall": 1.0,
        "f1-score": 1.0,
        "support": 7.0
    },
    "5": {
        "precision": 0.9166666666666666,
        "recall": 0.6470588235294118,
        "f1-score": 0.7586206896551724,
        "support": 34.0
    },
    "6": {
        "precision": 0.5967741935483871,
        "recall": 0.24183006535947713,
        "f1-score": 0.34418604651162793,
        "support": 153.0
    },
    "7": {
        "precision": 1.0,
        "recall": 0.6086956521739131,
        "f1-score": 0.7567567567567568,
        "support": 23.0
    },
    "8": {
        "precision": 0.8061797752808989,
        "recall": 0.9169329073482428,
        "f1-score": 0.8579970104633782,
        "support": 313.0
    },
    "9": {
        "precision": 0.7368421052631579,
        "recall": 0.20588235294117646,
        "f1-score": 0.3218390804597701,
        "support": 68.0
    },
    "10": {
        "precision": 0.9508196721311475,
        "recall": 0.9666666666666667,
        "f1-score": 0.9586776859504132,
        "support": 120.0
    },
    "11": {
        "precision": 0.6428571428571429,
        "recall": 0.8803088803088803,
        "f1-score": 0.7430744160782183,
        "support": 777.0
    },
    "12": {
        "precision": 0.8513513513513513,
        "recall": 0.8181818181818182,
        "f1-score": 0.8344370860927153,
        "support": 77.0
    },
    "13": {
        "precision": 0.7931034482758621,
        "recall": 0.45098039215686275,
        "f1-score": 0.575,
        "support": 51.0
    },
    "accuracy": 0.7328182187881253,
    "macro avg": {
        "precision": 0.815515206222989,
        "recall": 0.6354033349407261,
        "f1-score": 0.6761677397800241,
        "support": 2459.0
    },
    "weighted avg": {
        "precision": 0.736809386000426,
        "recall": 0.7328182187881253,
        "f1-score": 0.7086478842175599,
        "support": 2459.0
    }
}