{
    "0": {
        "precision": 0.7857142857142857,
        "recall": 0.6260162601626016,
        "f1-score": 0.6968325791855203,
        "support": 123.0
    },
    "1": {
        "precision": 0.8615916955017301,
        "recall": 0.9222222222222223,
        "f1-score": 0.8908765652951699,
        "support": 270.0
    },
    "2": {
        "precision": 0.6175438596491228,
        "recall": 0.46194225721784776,
        "f1-score": 0.5285285285285285,
        "support": 381.0
    },
    "3": {
        "precision": 1.0,
        "recall": 0.016129032258064516,
        "f1-score": 0.031746031746031744,
        "support": 62.0
    },
    "4": {
        "precision": 1.0,
        "recall": 0.7142857142857143,
        "f1-score": 0.8333333333333334,
        "support": 7.0
    },
    "5": {
        "precision": 0.8421052631578947,
        "recall": 0.47058823529411764,
        "f1-score": 0.6037735849056604,
        "support": 34.0
    },
    "6": {
        "precision": 0.5102040816326531,
        "recall": 0.16339869281045752,
        "f1-score": 0.24752475247524752,
        "support": 153.0
    },
    "7": {
        "precision": 0.6666666666666666,
        "recall": 0.2608695652173913,
        "f1-score": 0.375,
        "support": 23.0
    },
    "8": {
        "precision": 0.7577464788732394,
        "recall": 0.8594249201277955,
        "f1-score": 0.8053892215568862,
        "support": 313.0
    },
    "9": {
        "precision": 0.6666666666666666,
        "recall": 0.08823529411764706,
        "f1-score": 0.15584415584415584,
        "support": 68.0
    },
    "10": {
        "precision": 0.8709677419354839,
        "recall": 0.9,
        "f1-score": 0.8852459016393442,
        "support": 120.0
    },
    "11": {
        "precision": 0.604982206405694,
        "recall": 0.8751608751608752,
        "f1-score": 0.7154129405576013,
        "support": 777.0
    },
    "12": {
        "precision": 0.7142857142857143,
        "recall": 0.6493506493506493,
        "f1-score": 0.6802721088435374,
        "support": 77.0
    },
    "13": {
        "precision": 0.8636363636363636,
        "recall": 0.37254901960784315,
        "f1-score": 0.5205479452054794,
        "support": 51.0
    },
    "accuracy": 0.6860512403416023,
    "macro avg": {
        "precision": 0.7687222160089654,
        "recall": 0.5271551955595163,
        "f1-score": 0.5693091177940354,
        "support": 2459.0
    },
    "weighted avg": {
        "precision": 0.6961056126070484,
        "recall": 0.6860512403416023,
        "f1-score": 0.6531765413164271,
        "support": 2459.0
    }
}