{
    "0": {
        "precision": 0.959349593495935,
        "recall": 0.959349593495935,
        "f1-score": 0.959349593495935,
        "support": 123.0
    },
    "1": {
        "precision": 1.0,
        "recall": 1.0,
        "f1-score": 1.0,
        "support": 270.0
    },
    "2": {
        "precision": 0.8862973760932945,
        "recall": 0.7979002624671916,
        "f1-score": 0.8397790055248618,
        "support": 381.0
    },
    "3": {
        "precision": 0.9782608695652174,
        "recall": 0.7258064516129032,
        "f1-score": 0.8333333333333334,
        "support": 62.0
    },
    "4": {
        "precision": 1.0,
        "recall": 1.0,
        "f1-score": 1.0,
        "support": 7.0
    },
    "5": {
        "precision": 1.0,
        "recall": 1.0,
        "f1-score": 1.0,
        "support": 34.0
    },
    "6": {
        "precision": 0.864,
        "recall": 0.7058823529411765,
        "f1-score": 0.7769784172661871,
        "support": 153.0
    },
    "7": {
        "precision": 1.0,
        "recall": 1.0,
        "f1-score": 1.0,
        "support": 23.0
    },
    "8": {
        "precision": 0.9719626168224299,
        "recall": 0.9968051118210862,
        "f1-score": 0.9842271293375394,
        "support": 313.0
    },
    "9": {
        "precision": 0.984375,
        "recall": 0.9264705882352942,
        "f1-score": 0.9545454545454546,
        "support": 68.0
    },
    "10": {
        "precision": 1.0,
        "recall": 1.0,
        "f1-score": 1.0,
        "support": 120.0
    },
    "11": {
        "precision": 0.8644859813084113,
        "recall": 0.9523809523809523,
        "f1-score": 0.906307409675444,
        "support": 777.0
    },
    "12": {
        "precision": 1.0,
        "recall": 1.0,
        "f1-score": 1.0,
        "support": 77.0
    },
    "13": {
        "precision": 0.98,
        "recall": 0.9607843137254902,
        "f1-score": 0.9702970297029703,
        "support": 51.0
    },
    "accuracy": 0.9231394875965839,
    "macro avg": {
        "precision": 0.963480816948949,
        "recall": 0.9303842590485736,
        "f1-score": 0.9446298123486946,
        "support": 2459.0
    },
    "weighted avg": {
        "precision": 0.9241036521946503,
        "recall": 0.9231394875965839,
        "f1-score": 0.9215772077420814,
        "support": 2459.0
    }
}